length,width,height,volume,weight,fragile,iflammable,fits_rate,types,destinations_ACE,destinations_Akademiska.hus,destinations_Biblioteket,destinations_Chalmers.verksamhetsst√∂d,destinations_E.huset,destinations_Fysik,destinations_Maskin,destinations_Postrum.SB3,destinations_SB3,destinations_Stena.center,destinations_Vasa.2.3,destinations_Vasa.7,commodity_Books,commodity_Clothes,commodity_Daily.necessities,commodity_Electronic.product,commodity_Food,commodity_Games,commodity_IT.infrastructure,commodity_Laboratory.equipment,commodity_Machinary,commodity_Medical.supply,commodity_Rubber.products,commodity_Tools.and.supplies
20.5,15,14,4305,200,0,0,0.0287,0,0,0,0,0,0,1,0,0,0,0,0,0,0,0,0,0,0,0,0,0,0,0,0,0
27,20,1,540,34,0,0,0.0036,0,0,0,0,0,0,0,0,0,0,1,0,0,0,0,0,1,0,0,0,0,0,0,0,0
31,24.5,1,759.5,135,0,0,0.005063333,0,0,0,0,0,0,0,0,0,0,1,0,0,0,0,0,0,0,0,0,0,1,0,0,0
43,30,1,1290,439,0,0,0.0086,0,0,0,0,0,0,0,0,0,0,1,0,0,0,0,0,1,0,0,0,0,0,0,0,0
33.5,23,10.5,8090.25,369,0,0,0.053935,0,0,0,0,0,0,0,0,0,0,1,0,0,0,0,0,0,0,0,0,1,0,0,0,0
24,18.5,8.5,3774,216,0,0,0.02516,0,0,0,0,0,0,0,0,0,0,1,0,0,0,0,0,0,0,0,0,1,0,0,0,0
23,23,5,2645,220,0,0,0.017633333,0,0,0,0,0,0,0,0,0,0,1,0,0,0,0,0,0,0,0,0,0,0,0,0,0
23,22,19.5,9867,1358,0,0,0.06578,0,0,0,0,0,0,0,0,0,0,1,0,0,0,0,0,1,0,0,0,0,0,0,0,0
61,27,27,44469,4755,0,0,0.29646,0,0,0,0,0,0,0,0,0,0,0,0,0,0,0,0,0,0,0,0,1,0,0,0,0
32.5,27.5,5,4468.75,227,0,0,0.029791667,0,0,0,0,0,0,0,0,0,0,0,0,0,0,0,0,0,0,0,0,0,0,0,0,0
20,15.5,10.5,3255,129,0,0,0.0217,0,0,0,0,0,0,0,0,0,0,0,0,0,0,0,0,0,0,0,0,1,0,0,0,0
18,15,5,1350,140,0,0,0.009,0,0,0,0,0,0,0,0,0,0,0,0,0,0,0,0,0,0,0,0,0,1,0,0,0
37,31,1,1147,94,0,0,0.007646667,0,0,0,0,0,0,0,0,0,0,0,0,0,1,0,0,0,0,0,0,0,0,0,0,0
37,31,1,1147,70,0,0,0.007646667,0,0,0,0,0,0,0,0,0,0,0,0,0,1,0,0,0,0,0,0,0,0,0,0,0
37,31,1,1147,63,0,0,0.007646667,0,0,0,0,0,0,0,0,0,0,0,0,0,1,0,0,0,0,0,0,0,0,0,0,0
27.5,15.5,12,5115,226,0,0,0.0341,0,0,0,0,0,0,0,0,0,0,0,0,0,0,0,0,0,0,0,0,1,0,0,0,0
22,13,8,2288,148,0,0,0.015253333,0,0,0,0,0,0,0,0,0,0,0,0,0,0,0,0,0,0,0,0,1,0,0,0,0
20,16,10,3200,202,0,0,0.021333333,0,0,0,0,0,0,0,0,0,0,0,0,0,0,0,0,0,1,0,0,0,0,0,0,0
21.5,13,7.5,2096.25,99,0,0,0.013975,0,0,0,0,0,0,0,0,0,0,0,0,0,0,0,0,0,0,0,0,1,0,0,0,0
41,32.5,31.5,41973.75,19000,0,0,0.279825,0,0,0,0,0,0,1,0,0,0,0,0,0,0,0,0,1,0,0,0,0,0,0,0,0
28,21.5,13,7826,2213,0,0,0.052173333,0,0,0,0,0,0,1,0,0,0,0,0,0,0,0,0,0,0,0,0,1,0,0,0,0
39.5,30,3,3555,336,0,0,0.0237,0,0,0,0,0,0,1,0,0,0,0,0,0,0,0,0,1,0,0,0,0,0,0,0,0
38.5,29,12.5,13956.25,1914,0,0,0.093041667,0,0,0,0,0,0,1,0,0,0,0,0,0,0,0,0,0,0,0,0,1,0,0,0,0
20,20,11.5,4600,671,0,0,0.030666667,0,0,0,0,0,0,1,0,0,0,0,0,0,0,0,0,0,0,0,0,1,0,0,0,0
21,18,1,378,29,0,0,0.00252,0,1,0,0,0,0,0,0,0,0,0,0,0,0,0,0,1,0,0,0,0,0,0,0,0
39.5,34,30,40290,10390,0,0,0.2686,0,1,0,0,0,0,0,0,0,0,0,0,0,0,0,0,1,0,0,0,0,0,0,0,0
33,28,1,924,246,0,0,0.00616,0,1,0,0,0,0,0,0,0,0,0,0,0,0,0,0,1,0,0,0,0,0,0,0,0
33,28,1,924,205,0,0,0.00616,0,1,0,0,0,0,0,0,0,0,0,0,0,0,0,0,1,0,0,0,0,0,0,0,0
39.5,30,19,22515,2852,0,0,0.1501,0,0,0,0,0,1,0,0,0,0,0,0,0,0,0,0,1,0,0,0,0,0,0,0,0
26.5,22,1,583,34,0,0,0.003886667,0,0,0,0,0,1,0,0,0,0,0,0,0,0,0,0,1,0,0,0,0,0,0,0,0
27,20,1,540,33,0,0,0.0036,0,0,0,0,0,1,0,0,0,0,0,0,0,0,0,0,1,0,0,0,0,0,0,0,0
21.5,17.5,1,376.25,69,0,0,0.002508333,0,0,0,0,0,1,0,0,0,0,0,0,0,0,0,0,1,0,0,0,0,0,0,0,0
37,22,13,10582,875,0,0,0.070546667,0,0,0,0,0,1,0,0,0,0,0,0,0,0,0,0,1,0,0,0,0,0,0,0,0
16,12,7,1344,212,0,0,0.00896,0,0,0,0,0,1,0,0,0,0,0,0,0,0,0,0,1,0,0,0,0,0,0,0,0
33.5,25,1,837.5,300,0,0,0.005583333,0,0,0,0,0,1,0,0,0,0,0,0,0,0,0,0,1,0,0,0,0,0,0,0,0
62.5,8.5,8,4250,981,0,0,0.028333333,1,0,0,0,0,0,0,0,0,1,0,0,0,0,0,0,0,0,0,0,0,0,0,0,0
63,22.8,6.7,9623.88,173,0,0,0.0641592,1,0,0,0,0,0,0,0,0,1,0,0,0,0,0,0,0,0,0,0,0,0,0,0,0
30,28.7,6,5166,1640,0,0,0.03444,1,0,0,0,0,0,0,0,0,1,0,0,0,0,0,0,0,0,0,0,0,0,0,0,0
38.5,30,18,20790,631,0,0,0.1386,1,0,0,0,0,0,0,0,0,1,0,0,0,0,0,0,0,0,0,0,0,0,0,0,0
48.3,47,35,79453.5,9000,0,0,0.52969,1,0,0,0,0,0,0,0,0,1,0,0,0,0,0,0,0,0,0,0,0,0,0,0,0
44,32.7,11.5,16546.2,1516,0,0,0.110308,1,0,0,0,0,0,0,0,0,1,0,0,0,0,0,0,0,0,0,0,0,0,0,0,0
30,21.2,19.2,12211.2,10750,0,0,0.081408,1,1,0,0,0,0,0,0,0,0,0,0,0,0,0,0,0,0,0,0,0,0,0,0,0
30,21.2,19.2,12211.2,10750,0,0,0.081408,1,1,0,0,0,0,0,0,0,0,0,0,0,0,0,0,0,0,0,0,0,0,0,0,0
30,21.2,19.2,12211.2,10750,0,0,0.081408,1,1,0,0,0,0,0,0,0,0,0,0,0,0,0,0,0,0,0,0,0,0,0,0,0
30,21.2,19.2,12211.2,10750,0,0,0.081408,1,1,0,0,0,0,0,0,0,0,0,0,0,0,0,0,0,0,0,0,0,0,0,0,0
38.5,28,26,28028,6000,0,0,0.186853333,1,1,0,0,0,0,0,0,0,0,0,0,0,0,0,0,0,0,0,0,0,0,0,0,0
38.5,28,26,28028,6000,0,0,0.186853333,1,1,0,0,0,0,0,0,0,0,0,0,0,0,0,0,0,0,0,0,0,0,0,0,0
38.5,28,26,28028,6000,0,0,0.186853333,1,1,0,0,0,0,0,0,0,0,0,0,0,0,0,0,0,0,0,0,0,0,0,0,0
38.5,28,26,28028,6000,0,0,0.186853333,1,1,0,0,0,0,0,0,0,0,0,0,0,0,0,0,0,0,0,0,0,0,0,0,0
38.5,28,26,28028,6000,0,0,0.186853333,1,1,0,0,0,0,0,0,0,0,0,0,0,0,0,0,0,0,0,0,0,0,0,0,0
18,13,8.5,1989,143,0,0,0.01326,1,0,0,0,0,0,1,0,0,0,0,0,0,0,0,0,0,0,0,0,0,0,0,0,0
26.3,24.5,18,11598.3,814,0,0,0.077322,1,0,0,0,0,0,1,0,0,0,0,0,0,0,0,0,0,0,0,0,0,0,0,0,0
32,23.5,7,5264,864,0,0,0.035093333,1,0,0,0,0,0,1,0,0,0,0,0,0,0,0,0,0,0,0,0,0,0,0,0,0
31,18,17,9486,1090,0,0,0.06324,1,0,0,0,0,0,1,0,0,0,0,0,0,0,0,0,0,0,0,0,0,0,0,0,0
47.5,31,31,45647.5,4475,0,0,0.304316667,1,0,0,0,0,0,1,0,0,0,0,0,0,0,0,0,0,0,0,0,0,0,0,0,0
41,38.3,23,36116.9,2590,0,0,0.240779333,1,0,0,0,0,0,1,0,0,0,0,0,0,0,0,0,0,0,0,0,0,0,0,0,0
35.4,35,34.5,42745.5,22410,0,0,0.28497,1,0,0,0,0,0,1,0,0,0,0,0,0,0,0,0,0,0,0,0,0,0,0,0,0
41,38.2,23.2,36335.84,2600,0,0,0.242238933,1,0,0,0,0,0,1,0,0,0,0,0,0,0,0,0,0,0,0,0,0,0,0,0,0
26,21,1,546,154,0,0,0.00364,1,0,0,0,0,0,1,0,0,0,0,0,0,0,0,0,0,0,0,0,0,0,0,0,0
43.2,33,23.5,33501.6,3000,0,0,0.223344,1,0,0,0,0,0,1,0,0,0,0,0,0,0,0,0,0,0,0,0,0,0,0,0,0
58.5,33,22.5,43436.25,4000,0,0,0.289575,1,0,0,0,0,0,1,0,0,0,0,0,0,0,0,0,0,0,0,0,0,0,0,0,0
55,35,21,40425,6000,0,0,0.2695,1,0,0,0,0,0,1,0,0,0,0,0,0,0,0,0,0,0,0,0,0,0,0,0,0
39,19.4,14.7,11122.02,432,0,0,0.0741468,1,0,0,0,0,0,0,0,0,0,0,0,0,0,0,0,0,0,0,0,0,0,0,0,0
31.5,23.3,17.2,12623.94,1915,0,0,0.0841596,1,0,0,0,0,0,0,0,0,0,0,0,0,0,0,0,0,0,0,0,0,0,0,0,0
34,26,19.8,17503.2,845,0,0,0.116688,1,0,0,0,0,0,0,0,0,0,0,0,0,0,0,0,0,0,0,0,0,0,0,0,0
39.5,21.6,21.6,18429.12,3020,0,0,0.1228608,1,0,0,0,0,0,0,0,0,0,0,0,0,0,0,0,0,0,0,0,0,0,0,0,0
31,17.8,17,9380.6,875,0,0,0.062537333,1,0,0,0,0,0,0,0,0,0,0,0,0,0,0,0,0,0,0,0,0,0,0,0,0
31,21.5,4,2666,178,0,0,0.017773333,1,0,0,0,0,0,0,0,0,0,0,0,0,0,0,0,0,0,0,0,0,0,0,0,0
41.5,21.5,21.5,19183.375,2112,0,0,0.127889167,1,0,0,0,0,0,0,0,0,0,0,0,0,0,0,0,0,0,0,0,0,0,0,0,0
31,17.5,17.5,9493.75,1431,0,0,0.063291667,1,0,0,0,0,0,0,0,0,0,0,0,0,0,0,0,0,0,0,0,0,0,0,0,0
21,18.4,14.5,5602.8,177,0,0,0.037352,1,0,0,0,0,0,0,0,0,0,0,0,0,0,0,0,0,0,0,0,0,0,0,0,0
21,18.5,14.5,5633.25,402,0,0,0.037555,1,0,0,0,0,0,0,0,0,0,0,0,0,0,0,0,0,0,0,0,0,0,0,0,0
18.5,15,14.5,4023.75,180,0,0,0.026825,1,0,0,0,0,0,0,0,0,0,0,0,0,0,0,0,0,0,0,0,0,0,0,0,0
39.5,21.5,21.5,18258.875,4880,0,0,0.121725833,1,0,0,0,0,0,0,0,0,0,0,0,0,0,0,0,0,0,0,0,0,0,0,0,0
21.5,18.5,14.6,5807.15,410,0,0,0.038714333,1,0,0,0,0,0,0,0,0,0,0,0,0,0,0,0,0,0,0,0,0,0,0,0,0
40.5,23,19.5,18164.25,3190,0,0,0.121095,1,0,0,0,0,0,0,0,0,0,0,0,0,0,0,0,0,0,0,0,0,0,0,0,0
40.5,23,19.5,18164.25,3190,0,0,0.121095,1,0,0,0,0,0,0,0,0,0,0,0,0,0,0,0,0,0,0,0,0,0,0,0,0
33.5,26.5,26,23081.5,11500,0,0,0.153876667,1,0,0,0,0,0,0,0,0,0,0,0,0,0,0,0,0,0,0,0,0,0,0,0,0
33.5,26.5,26,23081.5,11500,0,0,0.153876667,1,0,0,0,0,0,0,0,0,0,0,0,0,0,0,0,0,0,0,0,0,0,0,0,0
33.5,26.5,26,23081.5,11500,0,0,0.153876667,1,0,0,0,0,0,0,0,0,0,0,0,0,0,0,0,0,0,0,0,0,0,0,0,0
33.5,26.5,26,23081.5,11500,0,0,0.153876667,1,0,0,0,0,0,0,0,0,0,0,0,0,0,0,0,0,0,0,0,0,0,0,0,0
33.5,26.5,26,23081.5,11500,0,0,0.153876667,1,0,0,0,0,0,0,0,0,0,0,0,0,0,0,0,0,0,0,0,0,0,0,0,0
33.5,26.5,26,23081.5,11500,0,0,0.153876667,1,0,0,0,0,0,0,0,0,0,0,0,0,0,0,0,0,0,0,0,0,0,0,0,0
47,24,22.5,25380,12950,0,0,0.1692,1,0,0,0,0,0,0,0,0,0,0,0,0,0,0,0,0,0,0,0,0,0,0,0,0
25.4,15,11.5,4381.5,502,0,0,0.02921,1,0,0,0,0,0,0,0,0,0,0,0,0,0,0,0,0,0,0,0,0,0,0,0,0
32,27,1,864,992,0,0,0.00576,1,0,0,0,0,0,0,0,0,0,0,0,0,0,0,0,0,0,0,0,0,0,0,0,0
54,35,23.5,44415,5120,0,0,0.2961,1,0,0,0,0,0,0,0,0,0,0,0,0,0,0,0,0,0,0,0,0,0,0,0,0
16.5,13.5,8.6,1915.65,371,0,0,0.012771,1,0,0,0,0,0,0,1,0,0,0,0,0,0,0,0,0,0,0,0,0,0,0,0,0
26.5,21,1,556.5,101,0,0,0.00371,1,0,0,0,0,0,0,1,0,0,0,0,0,0,0,0,0,0,0,0,0,0,0,0,0
30,26.5,18.3,14548.5,4180,0,0,0.09699,1,0,0,0,0,0,0,1,0,0,0,0,0,0,0,0,0,0,0,0,0,0,0,0,0
60,39.5,18.5,43845,15500,0,0,0.2923,1,0,0,0,0,0,0,1,0,0,0,0,0,0,0,0,0,0,0,0,0,0,0,0,0
59.5,39.5,20,47005,19300,0,0,0.313366667,1,0,0,0,0,0,0,1,0,0,0,0,0,0,0,0,0,0,0,0,0,0,0,0,0
41.5,32,23.5,31208,2852,0,0,0.208053333,1,0,0,0,0,0,0,1,0,0,0,0,0,0,0,0,0,0,0,0,0,0,0,0,0
38.5,30,19,21945,4025,0,0,0.1463,1,0,0,0,0,0,0,1,0,0,0,0,0,0,0,0,0,0,0,0,0,0,0,0,0
38,29,13,14326,2534,0,0,0.095506667,1,0,0,0,0,0,0,1,0,0,0,0,0,0,0,0,0,0,0,0,0,0,0,0,0
43,40,31.5,54180,6752,0,0,0.3612,1,0,0,0,0,0,0,1,0,0,0,0,0,0,0,0,0,0,0,0,0,0,0,0,0
24.7,19,16,7508.8,2428,0,0,0.050058667,1,0,0,0,0,1,0,0,0,0,0,0,0,0,0,0,0,0,0,0,0,0,0,0,0
24.7,19,16,7508.8,2428,0,0,0.050058667,1,0,0,0,0,1,0,0,0,0,0,0,0,0,0,0,0,0,0,0,0,0,0,0,0
24.7,19,16,7508.8,2428,0,0,0.050058667,1,0,0,0,0,1,0,0,0,0,0,0,0,0,0,0,0,0,0,0,0,0,0,0,0
24.7,19,16,7508.8,2428,0,0,0.050058667,1,0,0,0,0,1,0,0,0,0,0,0,0,0,0,0,0,0,0,0,0,0,0,0,0
24.7,19,16,7508.8,2428,0,0,0.050058667,1,0,0,0,0,1,0,0,0,0,0,0,0,0,0,0,0,0,0,0,0,0,0,0,0
24.7,19,16,7508.8,2428,0,0,0.050058667,1,0,0,0,0,1,0,0,0,0,0,0,0,0,0,0,0,0,0,0,0,0,0,0,0
24.7,19,16,7508.8,2428,0,0,0.050058667,1,0,0,0,0,1,0,0,0,0,0,0,0,0,0,0,0,0,0,0,0,0,0,0,0
24.7,19,16,7508.8,2428,0,0,0.050058667,1,0,0,0,0,1,0,0,0,0,0,0,0,0,0,0,0,0,0,0,0,0,0,0,0
24.7,19,16,7508.8,2428,0,0,0.050058667,1,0,0,0,0,1,0,0,0,0,0,0,0,0,0,0,0,0,0,0,0,0,0,0,0
24.7,19,16,7508.8,2428,0,0,0.050058667,1,0,0,0,0,1,0,0,0,0,0,0,0,0,0,0,0,0,0,0,0,0,0,0,0
27.5,20.5,17.4,9809.25,899,0,0,0.065395,1,0,0,0,0,1,0,0,0,0,0,0,0,0,0,0,0,0,0,0,0,0,0,0,0
33.5,24,1,804,233,0,0,0.00536,1,0,0,0,0,1,0,0,0,0,0,0,0,0,0,0,0,0,0,0,0,0,0,0,0
39.5,29.8,4.2,4943.82,634,0,0,0.0329588,1,0,0,0,0,1,0,0,0,0,0,0,0,0,0,0,0,0,0,0,0,0,0,0,0
31.5,23,7.5,5433.75,661,0,0,0.036225,1,0,0,0,0,1,0,0,0,0,0,0,0,0,0,0,0,0,0,0,0,0,0,0,0
26,17,14,6188,401,0,0,0.041253333,1,0,0,0,0,1,0,0,0,0,0,0,0,0,0,0,0,0,0,0,0,0,0,0,0
24.6,18.5,15.5,7054.05,205,0,0,0.047027,1,0,0,0,0,1,0,0,0,0,0,0,0,0,0,0,0,0,0,0,0,0,0,0,0
31.5,23,6.5,4709.25,294,0,0,0.031395,1,0,0,0,0,1,0,0,0,0,0,0,0,0,0,0,0,0,0,0,0,0,0,0,0
22,11.6,10,2552,256,0,0,0.017013333,1,0,0,0,0,1,0,0,0,0,0,0,0,0,0,0,0,0,0,0,0,0,0,0,0
24.5,24,21.2,12465.6,546,0,0,0.083104,1,0,0,0,0,1,0,0,0,0,0,0,0,0,0,0,0,0,0,0,0,0,0,0,0
50.5,36.5,19,35021.75,1427,0,0,0.233478333,1,0,0,0,0,1,0,0,0,0,0,0,0,0,0,0,0,0,0,0,0,0,0,0,0
39.5,24.2,19.8,18926.82,10000,0,0,0.1261788,1,0,0,0,0,1,0,0,0,0,0,0,0,0,0,0,0,0,0,0,0,0,0,0,0
39.5,24.2,19.8,18926.82,10000,0,0,0.1261788,1,0,0,0,0,1,0,0,0,0,0,0,0,0,0,0,0,0,0,0,0,0,0,0,0
34.5,22.2,19,14552.1,2952,0,0,0.097014,1,0,0,0,0,1,0,0,0,0,0,0,0,0,0,0,0,0,0,0,0,0,0,0,0
31,22.5,1,697.5,471,0,0,0.00465,1,0,0,0,0,0,0,0,0,0,0,1,0,0,0,0,0,0,0,0,0,0,0,0,0
33.5,23.5,4,3149,1074,0,0,0.020993333,1,0,0,0,0,0,0,0,0,0,0,1,0,0,0,0,0,0,0,0,0,0,0,0,0
34.7,27,8,7495.2,2692,0,0,0.049968,1,0,0,0,0,0,0,0,0,0,0,1,0,0,0,0,0,0,0,0,0,0,0,0,0
18,13,8.7,2035.8,363,0,0,0.013572,1,0,0,0,0,0,0,0,0,0,0,1,0,0,0,0,0,0,0,0,0,0,0,0,0
32,23,17,12512,1980,0,0,0.083413333,1,0,0,0,0,0,0,0,0,0,0,1,0,0,0,0,0,0,0,0,0,0,0,0,0
32,23,10.2,7507.2,963,0,0,0.050048,1,0,0,0,0,0,0,0,0,0,0,1,0,0,0,0,0,0,0,0,0,0,0,0,0
32,12,7.5,2880,617,0,0,0.0192,1,0,0,0,0,0,0,0,0,0,0,1,0,0,0,0,0,0,0,0,0,0,0,0,0
93.5,38.4,24.5,87964.8,60000,0,0,0.586432,1,0,0,0,1,0,0,0,0,0,0,0,0,0,0,0,0,0,0,0,0,0,0,0,0
44.5,33,33,48460.5,4020,0,0,0.32307,1,0,0,0,1,0,0,0,0,0,0,0,0,0,0,0,0,0,0,0,0,0,0,0,0
33.5,23.5,4.5,3542.625,2428,0,0,0.0236175,1,0,0,1,0,0,0,0,0,0,0,0,0,0,0,0,0,0,0,0,0,0,0,0,0
38.5,29.5,9,10221.75,4175,0,0,0.068145,1,0,0,1,0,0,0,0,0,0,0,0,0,0,0,0,0,0,0,0,0,0,0,0,0
74.5,13.5,11,11063.25,3245,0,0,0.073755,1,0,0,0,1,0,0,0,0,0,0,0,0,0,0,0,0,0,0,0,0,0,0,0,0
68,60,30.5,124440,21000,0,0,0.8296,1,0,0,0,0,0,0,0,0,1,0,0,0,0,0,0,1,0,0,0,0,0,0,0,0
51.5,16,4.5,3708,802,0,0,0.02472,1,0,0,0,0,0,0,0,0,1,0,0,0,0,0,0,0,0,0,1,0,0,0,0,0
38.5,30,18,20790,867,0,0,0.1386,1,0,0,0,0,0,0,0,0,1,0,0,0,0,0,0,0,0,0,1,0,0,0,0,0
38.5,30,18,20790,867,0,0,0.1386,1,0,0,0,0,0,0,0,0,1,0,0,0,0,0,0,0,0,0,1,0,0,0,0,0
25,24.5,1.5,918.75,1974,0,0,0.006125,1,0,0,0,0,0,0,0,0,1,0,0,0,0,0,0,0,0,0,1,0,0,0,0,0
30.3,28.5,6,5181.3,1000,0,0,0.034542,1,0,0,0,0,0,0,0,0,1,0,0,0,0,0,0,0,0,0,1,0,0,0,0,0
30.3,28.5,6,5181.3,1000,0,0,0.034542,1,0,0,0,0,0,0,0,0,1,0,0,0,0,0,0,0,0,0,1,0,0,0,0,0
44,32.5,11,15730,4000,0,0,0.104866667,1,0,0,0,0,0,0,0,0,1,0,0,0,0,0,0,0,0,0,1,0,0,0,0,0
58,40,20.5,47560,1000,0,0,0.317066667,1,0,0,0,0,0,0,0,0,1,0,0,0,0,0,0,0,0,0,1,0,0,0,0,0
53,50.7,47.6,127905.96,8000,1,0,0.8527064,1,0,0,0,0,0,1,0,0,0,0,0,0,0,0,0,1,0,0,0,0,0,0,0,0
41,26.5,25.5,27705.75,7800,0,0,0.184705,1,0,0,0,0,0,1,0,0,0,0,0,0,0,0,0,0,0,0,0,1,0,0,0,0
41,26.5,25.5,27705.75,7800,0,0,0.184705,1,0,0,0,0,0,1,0,0,0,0,0,0,0,0,0,0,0,0,0,1,0,0,0,0
41,26.5,25.5,27705.75,7800,0,0,0.184705,1,0,0,0,0,0,1,0,0,0,0,0,0,0,0,0,0,0,0,0,1,0,0,0,0
46.5,38,34.5,60961.5,3500,0,0,0.40641,1,0,0,0,0,0,1,0,0,0,0,0,0,0,0,0,0,0,0,0,0,1,0,0,0
47.5,33,27.5,43106.25,2000,0,0,0.287375,1,0,0,0,0,0,1,0,0,0,0,0,0,0,0,0,0,0,0,0,1,0,0,0,0
55.5,31,21.5,36990.75,6350,1,0,0.246605,1,0,0,0,0,0,1,0,0,0,0,0,0,0,0,0,0,0,0,0,1,0,0,0,0
55,35,13.5,25987.5,1000,0,0,0.17325,1,0,0,0,0,0,1,0,0,0,0,0,0,0,0,0,0,0,0,0,0,0,0,0,0
59.5,39.4,21,49230.3,2200,0,0,0.328202,1,0,0,0,0,0,1,0,0,0,0,0,0,0,0,1,0,0,0,0,0,0,0,0,0
33,25,16.5,13612.5,2000,0,0,0.09075,1,0,0,0,0,0,1,0,0,0,0,0,0,0,0,0,0,0,0,0,1,0,0,0,0
17.5,16.5,4.5,1299.375,1000,0,0,0.0086625,1,0,0,0,0,0,1,0,0,0,0,0,0,0,0,0,0,0,0,0,0,1,0,0,0
32,22.7,10,7264,1000,0,0,0.048426667,1,0,0,0,0,0,1,0,0,0,0,0,0,0,0,0,0,0,0,1,0,0,0,0,0
44,33,11,15972,1000,0,0,0.10648,1,0,0,0,0,0,1,0,0,0,0,0,0,0,0,0,0,0,0,1,0,0,0,0,0
40.5,23,20.5,19095.75,13000,0,0,0.127305,1,0,0,0,0,0,1,0,0,0,0,0,0,0,0,0,1,0,0,0,0,0,0,0,0
23,22.5,8.7,4502.25,236,1,0,0.030015,1,0,0,0,0,0,0,0,0,0,0,0,0,0,0,0,0,0,0,0,1,0,0,0,0
39,39,38.3,58254.3,1180,1,1,0.388362,1,0,0,0,0,0,0,0,0,0,0,0,0,0,0,0,0,0,0,0,1,0,0,0,0
60,47,41,115620,17600,1,1,0.7708,1,0,0,0,0,0,0,0,0,0,0,0,0,0,0,0,0,0,0,0,1,0,0,0,0
39,38.5,29,43543.5,2210,0,0,0.29029,1,0,0,0,0,0,0,0,0,0,0,0,0,0,0,0,0,0,0,0,1,0,0,0,0
22,16.5,13.5,4900.5,418,0,1,0.03267,1,0,0,0,0,0,0,0,0,0,0,0,0,0,0,0,0,0,0,0,0,0,1,0,0
33,25,19.2,15840,2366,1,1,0.1056,1,0,0,0,0,0,0,0,0,0,0,0,0,0,0,0,0,0,0,0,1,0,0,0,0
33,25,19.2,15840,2366,1,1,0.1056,1,0,0,0,0,0,0,0,0,0,0,0,0,0,0,0,0,0,0,0,1,0,0,0,0
33.5,23.5,4.5,3542.625,1538,0,0,0.0236175,1,0,0,0,0,0,0,0,0,0,0,0,0,0,0,0,0,0,0,0,0,0,0,0,0
38.5,38.5,28,41503,1700,0,0,0.276686667,1,0,0,0,0,0,0,0,0,0,0,0,0,0,0,0,0,0,0,0,1,0,0,0,0
38.5,38.5,28,41503,2210,1,1,0.276686667,1,0,0,0,0,0,0,0,0,0,0,0,0,0,0,0,0,0,0,0,1,0,0,0,0
40,32.5,26.5,34450,1770,1,1,0.229666667,1,0,0,0,0,0,0,0,0,0,0,0,0,0,0,0,0,0,0,0,1,0,0,0,0
38.5,38.5,28,41503,3550,1,0,0.276686667,1,0,0,0,0,0,0,0,0,0,0,0,0,0,0,0,0,0,0,0,1,0,0,0,0
38.5,26,21,21021,12000,1,0,0.14014,1,0,0,0,0,0,0,1,0,0,0,0,0,0,0,0,0,0,0,0,0,1,0,0,0
49.5,41,30,60885,NA,0,0,0.4059,1,0,0,0,0,0,0,1,0,0,0,0,0,0,1,0,0,0,0,0,0,0,0,0,0
49.5,41,30,60885,NA,0,0,0.4059,1,0,0,0,0,0,0,1,0,0,0,0,0,0,1,0,0,0,0,0,0,0,0,0,0
49.5,41,30,60885,NA,0,0,0.4059,1,0,0,0,0,0,0,1,0,0,0,0,0,0,1,0,0,0,0,0,0,0,0,0,0
49.5,41,30,60885,NA,0,0,0.4059,1,0,0,0,0,0,0,1,0,0,0,0,0,0,1,0,0,0,0,0,0,0,0,0,0
49.5,41,30,60885,NA,0,0,0.4059,1,0,0,0,0,0,0,1,0,0,0,0,0,0,1,0,0,0,0,0,0,0,0,0,0
49.5,41,30,60885,NA,0,0,0.4059,1,0,0,0,0,0,0,1,0,0,0,0,0,0,1,0,0,0,0,0,0,0,0,0,0
49.5,41,30,60885,NA,0,0,0.4059,1,0,0,0,0,0,0,1,0,0,0,0,0,0,1,0,0,0,0,0,0,0,0,0,0
49.5,41,30,60885,NA,0,0,0.4059,1,0,0,0,0,0,0,1,0,0,0,0,0,0,1,0,0,0,0,0,0,0,0,0,0
31,22,2.5,1705,1500,0,0,0.011366667,1,0,0,0,0,0,0,1,0,0,0,0,0,0,0,0,0,0,0,0,0,0,0,0,0
26,21.5,16.5,9223.5,1200,0,0,0.06149,1,0,0,0,0,0,0,1,0,0,0,0,0,0,0,0,0,0,0,0,0,1,0,0,0
26.5,16.5,13.5,5902.875,1000,0,0,0.0393525,1,0,0,0,0,0,0,1,0,0,0,0,0,0,0,0,0,0,0,0,0,0,0,0,0
60,60,30.5,109800,15300,1,0,0.732,1,0,0,0,0,0,0,1,0,0,0,0,0,0,0,0,0,0,0,0,0,0,0,0,0
33.5,24,2,1608,1000,0,0,0.01072,1,0,0,0,0,0,0,0,0,0,0,0,1,0,0,0,0,0,0,0,0,0,0,0,0
82,45,14,51660,15000,0,0,0.3444,1,0,0,0,0,0,0,0,0,0,0,1,0,0,0,0,0,0,0,1,0,0,0,0,0
29,20.5,16,9512,1000,0,0,0.063413333,1,0,1,0,0,0,0,0,0,0,0,0,0,0,0,0,0,0,0,0,0,1,0,0,0
35.5,24.5,1,869.75,1000,0,0,0.005798333,1,0,0,1,0,0,0,0,0,0,0,0,0,1,0,0,0,0,0,0,0,0,0,0,0
39,29.5,19.5,22434.75,1000,1,0,0.149565,1,0,0,0,0,1,0,0,0,0,0,0,0,0,0,0,1,0,0,0,0,0,0,0,0
63,41.3,31.2,81179.28,10000,0,0,0.5411952,1,0,0,0,0,1,0,0,0,0,0,0,0,0,0,0,0,0,0,0,0,0,0,0,0
35,28.5,28,27930,25000,0,0,0.1862,1,0,0,0,0,1,0,0,0,0,0,0,0,0,0,0,1,0,0,0,0,0,0,0,0
44,33,32.5,47190,18000,0,0,0.3146,1,0,0,0,0,1,0,0,0,0,0,0,0,0,0,0,0,0,0,1,0,0,0,0,0
38,29,13,14326,5500,0,0,0.095506667,1,1,0,0,0,0,0,0,0,0,0,0,0,0,0,0,0,0,0,0,0,0,0,0,1
37,12.5,12.5,5781.25,1000,0,0,0.038541667,1,1,0,0,0,0,0,0,0,0,0,0,0,0,0,0,0,0,0,0,0,1,0,0,0
67,41.5,16,44488,9000,0,0,0.296586667,1,0,0,0,0,0,0,0,0,1,0,0,0,0,0,0,0,0,0,1,0,0,0,0,0
67,41.5,16,44488,9000,0,0,0.296586667,1,0,0,0,0,0,0,0,0,1,0,0,0,0,0,0,0,0,0,1,0,0,0,0,0
67,41.5,16,44488,9000,0,0,0.296586667,1,0,0,0,0,0,0,0,0,1,0,0,0,0,0,0,0,0,0,1,0,0,0,0,0
67,41.5,16,44488,9000,0,0,0.296586667,1,0,0,0,0,0,0,0,0,1,0,0,0,0,0,0,0,0,0,1,0,0,0,0,0
30.5,16,16,7808,150,0,0,0.052053333,1,0,0,0,0,0,1,0,0,0,0,0,0,0,0,0,1,0,0,0,0,0,0,0,0
29,19.2,11,6124.8,800,0,0,0.040832,1,0,0,0,0,0,1,0,0,0,0,0,0,0,0,0,0,0,0,0,0,0,0,0,1
64.5,13.5,11.5,10013.625,452,1,0,0.0667575,1,0,0,0,0,0,1,0,0,0,0,0,0,0,0,0,0,0,0,0,1,0,0,0,0
64.5,13.5,11.5,10013.625,452,1,0,0.0667575,1,0,0,0,0,0,1,0,0,0,0,0,0,0,0,0,0,0,0,0,1,0,0,0,0
22.5,16,7.5,2700,420,0,0,0.018,1,0,0,0,0,0,1,0,0,0,0,0,0,0,0,0,0,0,0,1,0,0,0,0,0
36,36,27,34992,1000,1,0,0.23328,1,0,0,0,0,0,1,0,0,0,0,0,0,0,0,0,0,0,0,0,1,0,0,0,0
32,23,10,7360,1061,0,0,0.049066667,1,0,0,0,0,0,1,0,0,0,0,0,0,0,0,0,0,0,0,1,0,0,0,0,0
32.4,23.5,17,12943.8,1000,0,0,0.086292,1,0,0,0,0,0,1,0,0,0,0,0,0,0,0,0,0,0,0,1,0,0,0,0,0
32.5,23,7,5232.5,1000,0,0,0.034883333,1,0,0,0,0,0,1,0,0,0,0,0,0,0,0,0,0,0,0,1,0,0,0,0,0
45.5,32,14,20384,5000,0,0,0.135893333,1,0,0,0,0,0,1,0,0,0,0,0,0,0,0,0,0,0,0,1,0,0,0,0,0
46,38.8,17,30341.6,2500,0,0,0.202277333,1,0,0,0,0,0,1,0,0,0,0,0,0,0,0,0,0,0,0,1,0,0,0,0,0
60.2,42,16.5,41718.6,2500,1,0,0.278124,1,0,0,0,0,0,1,0,0,0,0,0,0,0,0,0,0,0,0,1,0,0,0,0,0
60.2,42,16.5,41718.6,2500,1,0,0.278124,1,0,0,0,0,0,1,0,0,0,0,0,0,0,0,0,0,0,0,1,0,0,0,0,0
33.5,24,5.5,4422,1344,0,0,0.02948,1,0,0,0,0,0,0,0,0,0,0,1,0,1,0,0,0,0,0,0,0,0,0,0,0
33.7,23,3,2325.3,650,0,0,0.015502,1,0,0,0,0,0,0,0,0,0,0,1,0,1,0,0,0,0,0,0,0,0,0,0,0
32,23,7,5152,300,0,0,0.034346667,1,0,0,0,0,0,0,0,0,0,0,1,0,0,0,0,0,0,0,1,0,0,0,0,0
25,17,8,3400,1000,0,0,0.022666667,1,0,0,1,0,0,0,0,0,0,0,0,0,0,0,0,0,0,0,0,0,0,0,0,0
33.5,24,3,2412,1314,0,0,0.01608,1,0,0,1,0,0,0,0,0,0,0,0,0,1,0,0,0,0,0,0,0,0,0,0,0
33.5,24,3,2412,1885,0,0,0.01608,1,0,0,1,0,0,0,0,0,0,0,0,0,1,0,0,0,0,0,0,0,0,0,0,0
30,28.7,6,5166,1641,0,0,0.03444,1,0,0,0,0,0,0,0,0,1,0,0,0,0,0,0,0,0,0,1,0,0,0,0,0
30,28.7,6,5166,1641,0,0,0.03444,1,0,0,0,0,0,0,0,0,1,0,0,0,0,0,0,0,0,0,1,0,0,0,0,0
30,28.7,6,5166,1641,0,0,0.03444,1,0,0,0,0,0,0,0,0,1,0,0,0,0,0,0,0,0,0,1,0,0,0,0,0
37.5,33,7.5,9281.25,2129,0,0,0.061875,1,0,0,0,0,0,0,0,0,1,0,0,0,0,0,0,0,0,0,1,0,0,0,0,0
37.5,33,7.5,9281.25,2129,0,0,0.061875,1,0,0,0,0,0,0,0,0,1,0,0,0,0,0,0,0,0,0,1,0,0,0,0,0
31.5,23,7,5071.5,500,0,0,0.03381,1,0,0,0,0,0,0,0,0,1,0,0,0,0,0,0,0,0,0,1,0,0,0,0,0
45,23.5,7,7402.5,1000,0,0,0.04935,1,0,0,0,0,0,0,0,0,1,0,0,0,0,0,0,0,0,0,1,0,0,0,0,0
49.5,23.5,13,15122.25,1400,0,0,0.100815,1,0,0,0,0,0,0,0,0,1,0,0,0,0,0,0,0,0,0,1,0,0,0,0,0
51,31.5,16.5,26507.25,800,0,0,0.176715,1,0,0,0,0,0,0,0,0,1,0,0,0,0,0,0,0,0,0,1,0,0,0,0,0
37,30,8,8880,400,0,0,0.0592,1,0,0,0,0,0,0,0,0,1,0,0,0,0,0,0,0,0,0,1,0,0,0,0,0
37,30,8,8880,400,0,0,0.0592,1,0,0,0,0,0,0,0,0,1,0,0,0,0,0,0,0,0,0,1,0,0,0,0,0
38,30,18,20520,1000,0,0,0.1368,1,0,0,0,0,0,0,0,0,1,0,0,0,0,0,0,0,0,0,1,0,0,0,0,0
31,22.5,1,697.5,300,0,0,0.00465,1,1,0,0,0,0,0,0,0,0,0,0,0,1,0,0,0,0,0,0,0,0,0,0,0
31,22.5,1,697.5,800,0,0,0.00465,1,1,0,0,0,0,0,0,0,0,0,0,0,1,0,0,0,0,0,0,0,0,0,0,0
33.5,24,4,3216,2000,0,0,0.02144,1,1,0,0,0,0,0,0,0,0,0,0,0,1,0,0,0,0,0,0,0,0,0,0,0
68.5,32.5,17.5,38959.375,3000,0,0,0.259729167,1,1,0,0,0,0,0,0,0,0,0,0,0,0,0,0,0,0,0,0,1,0,0,0,0
35.5,23,7,5715.5,2030,0,0,0.038103333,1,1,0,0,0,0,0,0,0,0,0,0,0,1,0,0,0,0,0,0,0,0,0,0,0
33.5,24.5,17,13952.75,400,0,0,0.093018333,1,1,0,0,0,0,0,0,0,0,0,0,0,0,0,0,0,0,0,0,1,0,0,0,0
42,26.5,26,28938,1200,0,0,0.19292,1,0,0,0,0,0,1,0,0,0,0,0,0,0,0,0,0,0,0,0,0,1,0,0,0
42,26.5,26,28938,1200,0,0,0.19292,1,0,0,0,0,0,1,0,0,0,0,0,0,0,0,0,0,0,0,0,0,1,0,0,0
42,26.5,26,28938,1200,0,0,0.19292,1,0,0,0,0,0,1,0,0,0,0,0,0,0,0,0,0,0,0,0,0,1,0,0,0
42,26.5,26,28938,1200,0,0,0.19292,1,0,0,0,0,0,1,0,0,0,0,0,0,0,0,0,0,0,0,0,0,1,0,0,0
42,26.5,26,28938,1200,0,0,0.19292,1,0,0,0,0,0,1,0,0,0,0,0,0,0,0,0,0,0,0,0,0,1,0,0,0
42,26.5,26,28938,1200,0,0,0.19292,1,0,0,0,0,0,1,0,0,0,0,0,0,0,0,0,0,0,0,0,0,1,0,0,0
42,26.5,26,28938,1200,0,0,0.19292,1,0,0,0,0,0,1,0,0,0,0,0,0,0,0,0,0,0,0,0,0,1,0,0,0
42,26.5,26,28938,1200,0,0,0.19292,1,0,0,0,0,0,1,0,0,0,0,0,0,0,0,0,0,0,0,0,0,1,0,0,0
42,26.5,26,28938,1200,0,0,0.19292,1,0,0,0,0,0,1,0,0,0,0,0,0,0,0,0,0,0,0,0,0,1,0,0,0
42,26.5,26,28938,1200,0,0,0.19292,1,0,0,0,0,0,1,0,0,0,0,0,0,0,0,0,0,0,0,0,0,1,0,0,0
42,26.5,26,28938,1200,0,0,0.19292,1,0,0,0,0,0,1,0,0,0,0,0,0,0,0,0,0,0,0,0,0,1,0,0,0
23,23,5,2645,300,0,0,0.017633333,1,0,0,0,0,0,1,0,0,0,0,0,0,0,0,0,1,0,0,0,0,0,0,0,0
59.5,39.5,12,28203,2700,0,0,0.18802,1,0,0,0,0,0,1,0,0,0,0,0,0,0,0,1,0,0,0,0,0,0,0,0,0
58.5,41,40,95940,1800,0,0,0.6396,1,0,0,0,0,0,1,0,0,0,0,0,0,0,0,0,0,0,0,0,1,0,0,0,0
24,16.5,5,1980,500,1,0,0.0132,1,0,0,0,0,0,1,0,0,0,0,0,0,0,0,0,1,0,0,0,0,0,0,0,0
35.5,23,7,5715.5,3140,0,0,0.038103333,1,0,0,0,0,0,1,0,0,0,0,0,0,1,0,0,0,0,0,0,0,0,0,0,0
47.5,43.5,33,68186.25,2000,0,0,0.454575,1,0,0,0,0,0,1,0,0,0,0,0,0,0,0,0,0,0,0,0,0,1,0,0,0
41,26.5,26,28249,7800,0,0,0.188326667,1,0,0,0,0,0,0,0,0,0,0,0,0,0,0,0,0,0,0,0,1,0,0,0,0
41,26.5,26,28249,7800,0,0,0.188326667,1,0,0,0,0,0,0,0,0,0,0,0,0,0,0,0,0,0,0,0,1,0,0,0,0
41,26.5,26,28249,7800,0,0,0.188326667,1,0,0,0,0,0,0,0,0,0,0,0,0,0,0,0,0,0,0,0,1,0,0,0,0
41,26.5,26,28249,7800,0,0,0.188326667,1,0,0,0,0,0,0,0,0,0,0,0,0,0,0,0,0,0,0,0,1,0,0,0,0
41,26.5,26,28249,7800,0,0,0.188326667,1,0,0,0,0,0,0,0,0,0,0,0,0,0,0,0,0,0,0,0,1,0,0,0,0
26.5,22.5,19.5,11626.875,188,1,0,0.0775125,1,0,0,0,0,0,0,0,0,0,0,0,0,0,0,0,0,0,0,0,1,0,0,0,0
27,19,17.5,8977.5,2150,1,0,0.05985,1,0,0,0,0,0,0,0,0,0,0,0,0,0,0,0,0,0,0,0,1,0,0,0,0
21,18,1,378,100,0,0,0.00252,1,0,0,0,0,0,0,0,0,0,0,0,0,0,0,0,1,0,0,0,0,0,0,0,0
24.5,21,1,514.5,100,0,0,0.00343,1,0,0,0,0,0,0,0,0,0,0,0,0,0,0,0,1,0,0,0,0,0,0,0,0
29.5,19,11.5,6445.75,368,1,0,0.042971667,1,0,0,0,0,0,0,0,0,0,0,0,0,0,0,0,0,0,0,0,1,0,0,0,0
33,27.5,25,22687.5,4000,0,0,0.15125,1,0,0,0,0,0,0,0,0,0,0,0,0,0,0,0,0,0,0,0,0,0,0,0,1
31,26,15,12090,1740,1,0,0.0806,1,0,0,0,0,0,0,0,0,0,0,0,0,0,0,0,0,0,0,0,0,0,0,0,1
49.5,40,31,61380,5000,0,0,0.4092,1,0,0,0,0,0,0,0,0,0,0,0,0,0,0,0,0,0,0,0,1,0,0,0,0
30,29,25,21750,6470,0,0,0.145,1,0,0,0,0,0,0,1,0,0,0,0,0,0,0,0,0,0,0,0,0,1,0,0,0
30,29,25,21750,6470,0,0,0.145,1,0,0,0,0,0,0,1,0,0,0,0,0,0,0,0,0,0,0,0,0,1,0,0,0
30,29,25,21750,6470,0,0,0.145,1,0,0,0,0,0,0,1,0,0,0,0,0,0,0,0,0,0,0,0,0,1,0,0,0
30,29,25,21750,6470,0,0,0.145,1,0,0,0,0,0,0,1,0,0,0,0,0,0,0,0,0,0,0,0,0,1,0,0,0
30,29,25,21750,6470,0,0,0.145,1,0,0,0,0,0,0,1,0,0,0,0,0,0,0,0,0,0,0,0,0,1,0,0,0
45.5,33.5,18,27436.5,2971,0,0,0.18291,1,0,0,0,0,0,0,1,0,0,0,0,0,0,0,0,0,0,0,0,0,1,0,0,0
26,12,11,3432,1000,0,0,0.02288,1,0,0,0,0,0,0,1,0,0,0,0,0,0,0,0,0,0,0,0,0,0,0,0,1
26,12,11,3432,1000,0,0,0.02288,1,0,0,0,0,0,0,1,0,0,0,0,0,0,0,0,0,0,0,0,0,0,0,0,1
26,20,1,520,1000,0,0,0.003466667,1,0,0,0,0,0,0,1,0,0,0,0,0,0,0,0,0,0,0,0,0,0,0,0,1
19,19,11,3971,3120,0,0,0.026473333,1,0,0,0,0,0,0,1,0,0,0,0,0,0,0,0,0,0,0,0,0,0,0,0,1
79,39,32,98592,7200,0,0,0.65728,1,0,0,0,0,0,0,1,0,0,0,0,0,0,0,0,0,0,0,0,0,0,0,0,1
22,18,1,396,100,0,0,0.00264,1,0,0,0,0,1,0,0,0,0,0,0,0,0,0,0,1,0,0,0,0,0,0,0,0
20,17.5,6,2100,400,0,0,0.014,1,0,0,0,0,1,0,0,0,0,0,0,0,0,0,0,1,0,0,0,0,0,0,0,0
40,30,3.5,4200,100,0,0,0.028,1,0,0,0,0,1,0,0,0,0,0,0,0,0,0,0,1,0,0,0,0,0,0,0,0
67,41.5,16,44488,9000,0,0,0.296586667,1,0,0,0,0,1,0,0,0,0,0,0,0,0,0,0,0,0,0,1,0,0,0,0,0
67,41.5,16,44488,9000,0,0,0.296586667,1,0,0,0,0,1,0,0,0,0,0,0,0,0,0,0,0,0,0,1,0,0,0,0,0
26.5,21,21,11686.5,8815,1,0,0.07791,1,0,0,0,0,1,0,0,0,0,0,0,0,0,0,0,0,0,0,0,1,0,0,0,0
26.5,21,21,11686.5,8815,1,0,0.07791,1,0,0,0,0,1,0,0,0,0,0,0,0,0,0,0,0,0,0,0,1,0,0,0,0
30,28.5,6,5130,1634,0,0,0.0342,1,0,0,0,0,1,0,0,0,0,0,0,0,0,0,0,0,0,0,1,0,0,0,0,0
31,27.5,13,11082.5,1000,0,0,0.073883333,1,0,0,0,0,1,0,0,0,0,0,0,0,0,0,0,0,0,1,0,0,0,0,0,0
38,29.5,29,32509,3000,0,0,0.216726667,1,0,0,0,0,1,0,0,0,0,0,0,0,0,0,0,0,0,0,1,0,0,0,0,0
32,23,10.5,7728,1818,0,0,0.05152,1,0,0,0,0,0,0,0,0,0,0,1,0,0,0,0,0,0,0,1,0,0,0,0,0
39.5,29,26,29783,3000,0,0,0.198553333,1,0,0,0,0,0,0,0,0,0,0,1,0,0,0,0,0,0,0,0,0,0,0,0,0
38.5,30,10,11550,1200,0,0,0.077,1,0,0,0,1,0,0,0,0,0,0,0,0,1,0,0,0,0,0,0,0,0,0,0,0
18,12.5,8.5,1912.5,400,0,0,0.01275,1,0,0,0,0,0,0,0,0,1,0,0,0,0,0,0,1,0,0,0,0,0,0,0,0
31.5,23.3,17,12477.15,600,0,0,0.083181,1,0,0,0,0,0,0,0,0,1,0,0,0,0,0,0,0,0,0,1,0,0,0,0,0
31.5,23.2,6.5,4750.2,100,0,0,0.031668,1,0,0,0,0,0,0,0,0,1,0,0,0,0,0,0,0,0,0,0,0,0,0,0,0
61.5,37.5,17,39206.25,7000,0,0,0.261375,1,0,0,0,0,0,0,0,0,1,0,0,0,0,0,0,0,0,0,1,0,0,0,0,0
44,33,12,17424,4000,0,0,0.11616,1,0,0,0,0,0,0,0,0,1,0,0,0,0,0,0,0,0,0,1,0,0,0,0,0
44,33,12,17424,4000,0,0,0.11616,1,0,0,0,0,0,0,0,0,1,0,0,0,0,0,0,0,0,0,1,0,0,0,0,0
34,21.5,4,2924,400,0,0,0.019493333,1,0,0,0,0,0,0,0,0,1,0,0,0,0,0,0,0,0,0,1,0,0,0,0,0
83,50,7,29050,10000,0,0,0.193666667,1,1,0,0,0,0,0,0,0,0,0,0,0,0,0,0,0,0,0,0,0,0,0,0,1
31.5,22.5,6.8,4819.5,200,0,0,0.03213,1,1,0,0,0,0,0,0,0,0,0,0,0,0,0,0,0,0,0,0,0,0,0,0,0
69,33,18,40986,3000,0,0,0.27324,1,1,0,0,0,0,0,0,0,0,0,0,0,0,0,0,0,0,0,0,1,0,0,0,0
60,39,22,51480,19900,0,0,0.3432,1,0,0,0,0,0,1,0,0,0,0,0,0,0,0,1,0,0,0,0,0,0,0,0,0
23,21,3,1449,500,0,0,0.00966,1,0,0,0,0,0,1,0,0,0,0,0,0,0,0,0,0,0,0,0,0,0,0,0,1
47.5,33,28,43890,1800,1,0,0.2926,1,0,0,0,0,0,1,0,0,0,0,0,0,0,0,0,0,0,0,0,1,0,0,0,0
57,41,25,58425,1800,0,0,0.3895,1,0,0,0,0,0,1,0,0,0,0,0,0,0,0,0,0,0,0,0,0,1,0,0,0
39,30,20,23400,10590,0,0,0.156,1,0,0,0,0,0,1,0,0,0,0,0,0,0,0,0,0,0,0,0,0,0,0,0,1
39,30,20,23400,10590,0,0,0.156,1,0,0,0,0,0,1,0,0,0,0,0,0,0,0,0,0,0,0,0,0,0,0,0,1
39,30,20,23400,10590,0,0,0.156,1,0,0,0,0,0,1,0,0,0,0,0,0,0,0,0,0,0,0,0,0,0,0,0,1
39,30,20,23400,10590,0,0,0.156,1,0,0,0,0,0,1,0,0,0,0,0,0,0,0,0,0,0,0,0,0,0,0,0,1
42,27.5,16,18480,300,0,0,0.1232,1,0,0,0,0,0,1,0,0,0,0,0,0,0,0,0,0,0,0,0,0,0,0,0,1
20,17.5,14,4900,3000,0,0,0.032666667,1,0,0,0,0,0,1,0,0,0,0,0,0,0,0,0,0,0,0,0,1,0,0,0,0
34.5,23,6,4761,400,0,0,0.03174,1,0,0,0,0,0,1,0,0,0,0,0,0,0,0,0,0,0,0,0,0,1,0,0,0
32,23,10,7360,800,0,0,0.049066667,1,0,0,0,0,0,1,0,0,0,0,0,0,0,0,0,0,0,0,0,0,0,0,0,0
34,28,21,19992,8645,0,0,0.13328,1,0,0,0,0,0,1,0,0,0,0,0,0,0,0,0,0,0,0,0,0,0,0,0,1
26,22.2,19.5,11255.4,300,1,0,0.075036,1,0,0,0,0,0,0,0,0,0,0,0,0,0,0,0,0,0,0,0,1,0,0,0,0
26,22.2,19.5,11255.4,300,1,0,0.075036,1,0,0,0,0,0,0,0,0,0,0,0,0,0,0,0,0,0,0,0,1,0,0,0,0
26,22.2,19.5,11255.4,300,1,0,0.075036,1,0,0,0,0,0,0,0,0,0,0,0,0,0,0,0,0,0,0,0,1,0,0,0,0
35,23,23,18515,5286,0,0,0.123433333,1,0,0,0,0,0,0,0,0,0,0,0,0,0,0,0,0,0,0,0,1,0,0,0,0
35,23,23,18515,5286,0,0,0.123433333,1,0,0,0,0,0,0,0,0,0,0,0,0,0,0,0,0,0,0,0,1,0,0,0,0
40,22,21,18480,400,1,0,0.1232,1,0,0,0,0,0,0,0,0,0,0,0,0,0,0,0,0,0,0,0,1,0,0,0,0
34,25,1,850,200,0,0,0.005666667,1,0,0,0,0,0,0,0,0,0,0,0,0,0,0,0,0,0,0,0,1,0,0,0,0
39,30,20,23400,13000,0,1,0.156,1,0,0,0,0,0,0,0,0,0,0,0,0,0,0,0,0,0,0,0,1,0,0,0,0
39,30,20,23400,13000,0,1,0.156,1,0,0,0,0,0,0,0,0,0,0,0,0,0,0,0,0,0,0,0,1,0,0,0,0
39,30,20,23400,13000,0,1,0.156,1,0,0,0,0,0,0,0,0,0,0,0,0,0,0,0,0,0,0,0,1,0,0,0,0
39,25,23,22425,6000,0,0,0.1495,1,0,0,0,0,0,0,0,0,0,0,0,0,0,0,0,0,0,0,0,0,0,0,1,0
39,25,23,22425,6000,0,0,0.1495,1,0,0,0,0,0,0,0,0,0,0,0,0,0,0,0,0,0,0,0,0,0,0,1,0
50,36.5,25.5,46537.5,3000,0,0,0.31025,1,0,0,0,0,0,0,0,0,0,0,0,0,0,0,0,0,0,0,0,1,0,0,0,0
41,28,27,30996,7800,0,0,0.20664,1,0,0,0,0,0,0,0,0,0,0,0,0,0,0,0,0,0,0,0,1,0,0,0,0
41,28,27,30996,7800,0,0,0.20664,1,0,0,0,0,0,0,0,0,0,0,0,0,0,0,0,0,0,0,0,1,0,0,0,0
41,28,27,30996,7800,0,0,0.20664,1,0,0,0,0,0,0,0,0,0,0,0,0,0,0,0,0,0,0,0,1,0,0,0,0
33,25,17,14025,300,1,0,0.0935,1,0,0,0,0,0,0,0,0,0,0,0,0,0,0,0,0,0,0,0,1,0,0,0,0
33,25,17,14025,300,1,0,0.0935,1,0,0,0,0,0,0,0,0,0,0,0,0,0,0,0,0,0,0,0,1,0,0,0,0
33,25,17,14025,300,1,0,0.0935,1,0,0,0,0,0,0,0,0,0,0,0,0,0,0,0,0,0,0,0,1,0,0,0,0
22.5,17.5,13.5,5315.625,400,0,0,0.0354375,1,0,0,0,0,0,0,0,0,0,0,0,0,0,0,0,0,0,0,0,0,0,0,0,0
35,20,11,7700,1000,0,0,0.051333333,1,0,0,0,0,0,0,0,0,0,0,0,0,0,0,0,0,0,0,0,1,0,0,0,0
35,20,14,9800,1000,1,0,0.065333333,1,0,0,0,0,0,0,0,0,0,0,0,0,0,0,0,0,0,0,0,1,0,0,0,0
35,20,14,9800,1000,1,0,0.065333333,1,0,0,0,0,0,0,0,0,0,0,0,0,0,0,0,0,0,0,0,1,0,0,0,0
27,25,12,8100,800,0,0,0.054,1,0,0,0,0,0,0,0,0,0,0,0,0,0,0,0,0,0,0,0,0,1,0,0,0
28.5,22.5,21.5,13786.875,7200,1,0,0.0919125,1,0,0,0,0,0,0,0,0,0,0,0,0,0,0,0,0,0,0,0,0,0,0,0,1
29,25.5,24,17748,6000,0,0,0.11832,1,0,0,0,0,0,0,0,0,0,0,0,0,0,0,0,0,0,0,0,0,0,0,1,0
34.5,34.5,26,30946.5,2000,0,0,0.20631,1,0,0,0,0,0,0,1,0,0,0,0,0,0,0,0,0,0,0,0,1,0,0,0,0
57.5,39,24,53820,662,0,0,0.3588,1,0,0,0,0,0,0,1,0,0,0,0,0,0,0,0,0,0,0,0,1,0,0,0,0
57.5,39,24,53820,662,0,0,0.3588,1,0,0,0,0,0,0,1,0,0,0,0,0,0,0,0,0,0,0,0,1,0,0,0,0
57.5,39,24,53820,662,0,0,0.3588,1,0,0,0,0,0,0,1,0,0,0,0,0,0,0,0,0,0,0,0,1,0,0,0,0
50,31,21,32550,722,1,0,0.217,1,0,0,0,0,0,0,1,0,0,0,0,0,0,0,0,0,0,0,0,1,0,0,0,0
50,31,21,32550,722,1,0,0.217,1,0,0,0,0,0,0,1,0,0,0,0,0,0,0,0,0,0,0,0,1,0,0,0,0
23,13,9,2691,1000,0,0,0.01794,1,0,0,0,0,0,0,1,0,0,0,0,0,0,0,0,0,0,0,0,0,1,0,0,0
38,30,29,33060,3000,0,0,0.2204,1,0,0,0,0,0,0,1,0,0,0,0,0,0,0,0,0,0,0,0,0,1,0,0,0
18,12.5,8.5,1912.5,300,0,0,0.01275,1,0,0,0,0,0,0,1,0,0,0,0,0,0,0,0,1,0,0,0,0,0,0,0,0
41,24,21,20664,6000,0,0,0.13776,1,0,0,0,0,0,0,1,0,0,0,0,0,0,0,0,0,0,0,0,0,0,0,0,1
27,16.5,13.5,6014.25,400,0,0,0.040095,1,0,0,0,0,0,0,1,0,0,0,0,0,0,0,0,0,0,0,0,0,1,0,0,0
23,18,12,4968,500,0,0,0.03312,1,0,0,0,0,1,0,0,0,0,0,0,0,0,0,0,0,0,0,0,0,0,0,0,0
34,27,25.5,23409,10080,0,0,0.15606,1,0,0,0,0,0,0,0,0,0,0,1,0,0,0,0,0,0,0,0,0,0,0,0,1
34,24,1,816,1000,0,0,0.00544,1,0,0,0,0,0,0,0,0,0,0,1,0,1,0,0,0,0,0,0,0,0,0,0,0
32,23,7,5152,200,0,0,0.034346667,1,0,0,0,0,0,0,0,0,0,0,1,0,0,0,0,0,0,0,0,0,0,0,0,0
39.5,28.5,25,28143.75,6400,0,0,0.187625,1,0,0,1,0,0,0,0,0,0,0,0,0,0,0,0,0,1,0,0,0,0,0,0,0
63,11,11,7623,1000,1,0,0.05082,1,0,0,0,0,0,0,0,1,0,0,0,0,0,0,0,1,0,0,0,0,0,0,0,0
47.5,30,17,24225,900,0,0,0.1615,1,0,0,0,0,0,0,0,1,0,0,0,0,0,0,0,1,0,0,0,0,0,0,0,0
